{"confusion matrix_table": {"_type": "table-file", "sha256": "4fe10c9e6aece9b7f883523576aaeb4098a347a656d895aa72b704c61b17c0f5", "size": 179, "artifact_path": "wandb-client-artifact://u1bbdiyjockw2uacca7h379ki2w1rq8s8au3cck6n704839b92c0zwh6grvejbfasmav5y3u98f04jt9xn3k0wyyr9rs3xn91etil270wglcu92nujk605vk7e1a3ges:latest/confusion matrix_table.table.json", "_latest_artifact_path": "wandb-client-artifact://u1bbdiyjockw2uacca7h379ki2w1rq8s8au3cck6n704839b92c0zwh6grvejbfasmav5y3u98f04jt9xn3k0wyyr9rs3xn91etil270wglcu92nujk605vk7e1a3ges:latest/confusion matrix_table.table.json", "path": "media/table/confusion matrix_table_97_4fe10c9e6aece9b7f883.table.json", "ncols": 3, "nrows": 4}, "_timestamp": 1681142576.4912212, "_runtime": 44.70395517349243, "_step": 100, "examples": {"_type": "table-file", "sha256": "aec5e88f394ce5e7c1ec6cf8b761517af688187ebfc37e260245769ac47fdc05", "size": 294, "artifact_path": "wandb-client-artifact://dt1nm71jk8jcy5h5f1vbi2etfr7njmw562z4iz0j0vb15brb9lni1mf8zqmpgyx72h84hbny2bs2v0n7vk1rxxkebot7h264e77q264f5w175fqko2y382fswi90obhl:latest/examples.table.json", "_latest_artifact_path": "wandb-client-artifact://dt1nm71jk8jcy5h5f1vbi2etfr7njmw562z4iz0j0vb15brb9lni1mf8zqmpgyx72h84hbny2bs2v0n7vk1rxxkebot7h264e77q264f5w175fqko2y382fswi90obhl:latest/examples.table.json", "path": "media/table/examples_99_aec5e88f394ce5e7c1ec.table.json", "ncols": 3, "nrows": 4}, "global_step": 399, "train/loss_step": 0.48740553855895996, "train/acc_step": 0.8125, "epoch": 2, "trainer/global_step": 398, "valid/loss_step": 0.5822356939315796, "valid/loss_epoch": 0.6434968113899231, "valid/acc": 0.65625, "valid/precision_macro": 0.65625, "valid/recall_macro": 1.0, "valid/precision_micro": 0.65625, "valid/recall_micro": 1.0, "valid/f1": 0.7887389659881592, "train/loss_epoch": 0.6442338824272156, "train/acc_epoch": 0.6846804618835449, "_wandb": {"runtime": 42}}