{"confusion matrix_table": {"_type": "table-file", "sha256": "4fe10c9e6aece9b7f883523576aaeb4098a347a656d895aa72b704c61b17c0f5", "size": 179, "artifact_path": "wandb-client-artifact://wgh3l2vpe9cjqausovswcuxaaf2omjj46tsxwdj2ov4nj1fs6s3l98810rg6y6qjelhj1t0jfhy3r4ewwo6rk877troyr7qnzfmyda4smgy9az683rbvi05ya0asykuo:latest/confusion matrix_table.table.json", "_latest_artifact_path": "wandb-client-artifact://wgh3l2vpe9cjqausovswcuxaaf2omjj46tsxwdj2ov4nj1fs6s3l98810rg6y6qjelhj1t0jfhy3r4ewwo6rk877troyr7qnzfmyda4smgy9az683rbvi05ya0asykuo:latest/confusion matrix_table.table.json", "path": "media/table/confusion matrix_table_368_4fe10c9e6aece9b7f883.table.json", "ncols": 3, "nrows": 4}, "_timestamp": 1681130760.9971943, "_runtime": 83.9952323436737, "_step": 371, "examples": {"_type": "table-file", "sha256": "aec5e88f394ce5e7c1ec6cf8b761517af688187ebfc37e260245769ac47fdc05", "size": 294, "artifact_path": "wandb-client-artifact://9ge6zpz2wvfy9ylp7ne7atxlotvt8at6s9rd9zusx0ns7obftcji75yux99v8pxivp518hg84rpu3guvqs4rhp22biy2nrncz0crt8lsfv3gdsltxpgrx7kzaojde1u2:latest/examples.table.json", "_latest_artifact_path": "wandb-client-artifact://9ge6zpz2wvfy9ylp7ne7atxlotvt8at6s9rd9zusx0ns7obftcji75yux99v8pxivp518hg84rpu3guvqs4rhp22biy2nrncz0crt8lsfv3gdsltxpgrx7kzaojde1u2:latest/examples.table.json", "path": "media/table/examples_370_aec5e88f394ce5e7c1ec.table.json", "ncols": 3, "nrows": 4}, "global_step": 1605, "train/loss_step": 0.6620320677757263, "train/acc_step": 0.6875, "epoch": 2, "trainer/global_step": 1604, "valid/loss_step": 0.6998481750488281, "valid/loss_epoch": 0.6631919145584106, "valid/acc": 0.6912751793861389, "valid/precision_macro": 0.6912751793861389, "valid/recall_macro": 1.0, "valid/precision_micro": 0.6912751793861389, "valid/recall_micro": 1.0, "valid/f1": 0.8107927441596985, "train/loss_epoch": 0.6663828492164612, "train/acc_epoch": 0.6676412224769592, "_wandb": {"runtime": 82}}