{"confusion matrix_table": {"_type": "table-file", "sha256": "4fe10c9e6aece9b7f883523576aaeb4098a347a656d895aa72b704c61b17c0f5", "size": 179, "artifact_path": "wandb-client-artifact://cx5ygh4sme8yj4d8mekmq73rvpgw4rtt71mg6ft4r6r1ol8gkrl0qnzsls9lbntgm1y55yiicnwgmurydyzn0bgz2ykfzu89mdinbn6vtqrkboycgcaditqr5kfnmza9:latest/confusion matrix_table.table.json", "_latest_artifact_path": "wandb-client-artifact://cx5ygh4sme8yj4d8mekmq73rvpgw4rtt71mg6ft4r6r1ol8gkrl0qnzsls9lbntgm1y55yiicnwgmurydyzn0bgz2ykfzu89mdinbn6vtqrkboycgcaditqr5kfnmza9:latest/confusion matrix_table.table.json", "path": "media/table/confusion matrix_table_121_4fe10c9e6aece9b7f883.table.json", "ncols": 3, "nrows": 4}, "_timestamp": 1681130509.455113, "_runtime": 41.184613943099976, "_step": 124, "examples": {"_type": "table-file", "sha256": "aec5e88f394ce5e7c1ec6cf8b761517af688187ebfc37e260245769ac47fdc05", "size": 294, "artifact_path": "wandb-client-artifact://iibopqhmghe6pyh4w1gmubq055yths4k1wz27yhbex3y82500hhlulh4ci31lp2su4xebp226f9519t48rw2y7t1l339ab1culv0lt5e4jlkly3kwxd41hfqn2if3ao3:latest/examples.table.json", "_latest_artifact_path": "wandb-client-artifact://iibopqhmghe6pyh4w1gmubq055yths4k1wz27yhbex3y82500hhlulh4ci31lp2su4xebp226f9519t48rw2y7t1l339ab1culv0lt5e4jlkly3kwxd41hfqn2if3ao3:latest/examples.table.json", "path": "media/table/examples_123_aec5e88f394ce5e7c1ec.table.json", "ncols": 3, "nrows": 4}, "global_step": 535, "train/loss_step": 0.6233904361724854, "train/acc_step": 0.625, "epoch": 0, "trainer/global_step": 534, "valid/loss_step": 0.8133454918861389, "valid/loss_epoch": 0.7619065046310425, "valid/acc": 0.6912751793861389, "valid/precision_macro": 0.6912751793861389, "valid/recall_macro": 1.0, "valid/precision_micro": 0.6912751793861389, "valid/recall_micro": 1.0, "valid/f1": 0.8107927441596985, "train/loss_epoch": 0.6701578497886658, "train/acc_epoch": 0.6677581667900085, "_wandb": {"runtime": 39}}