{"examples": {"_type": "table-file", "sha256": "aec5e88f394ce5e7c1ec6cf8b761517af688187ebfc37e260245769ac47fdc05", "size": 294, "artifact_path": "wandb-client-artifact://g7ctapeef9gwtkjtjsr38b1qcl9cd4x01iagjlypw6n2gsvq7eht2ratyizw9774wab6246ulr69lgbcmj5znqwvmklo69gqu4731dckhy9reb9op9b0jj52lz8rro7e:latest/examples.table.json", "_latest_artifact_path": "wandb-client-artifact://g7ctapeef9gwtkjtjsr38b1qcl9cd4x01iagjlypw6n2gsvq7eht2ratyizw9774wab6246ulr69lgbcmj5znqwvmklo69gqu4731dckhy9reb9op9b0jj52lz8rro7e:latest/examples.table.json", "path": "media/table/examples_121_aec5e88f394ce5e7c1ec.table.json", "ncols": 3, "nrows": 4}, "global_step": 535, "_timestamp": 1681130421.800977, "_runtime": 42.94108295440674, "_step": 122, "train/loss_step": 0.7381064891815186, "train/acc_step": 0.625, "epoch": 0, "trainer/global_step": 534, "valid/loss_step": 0.6373682022094727, "valid/loss_epoch": 0.6181424260139465, "valid/acc": 0.6912751793861389, "valid/precision_macro": 0.6912751793861389, "valid/recall_macro": 1.0, "valid/precision_micro": 0.6912751793861389, "valid/recall_micro": 1.0, "valid/f1": 0.8107927441596985, "train/loss_epoch": 0.6690976023674011, "train/acc_epoch": 0.6578177809715271, "_wandb": {"runtime": 41}}